[
    {
        "name": "L-3-1",
        "dependencies": [
            {
                "name": "L-2-1",
                "status": "In Progress",
                "timeRemaining": null,
                "lastUpdated": null
            },
            {
                "name": "L-2-2",
                "status": "Completed",
                "timeRemaining": null,
                "lastUpdated": null
            }
        ]
    },
    {
        "name": "L-3-2",
        "dependencies": [
            {
                "name": "L-2-3",
                "status": "Not Started",
                "timeRemaining": null,
                "lastUpdated": null
            }
        ]
    },
    {
        "name": "L-3-3",
        "dependencies": [
            {
                "name": "L-2-4",
                "status": "Completed",
                "timeRemaining": null,
                "lastUpdated": null
            },
            {
                "name": "L-2-5",
                "status": "Completed",
                "timeRemaining": null,
                "lastUpdated": null
            },
            {
                "name": "L-2-6",
                "status": "Completed",
                "timeRemaining": null,
                "lastUpdated": null
            }
        ]
    },
    {
        "name": "L-3-4",
        "dependencies": [
            {
                "name": "L-2-7",
                "status": "Not Started",
                "timeRemaining": null,
                "lastUpdated": null
            },
            {
                "name": "L-2-8",
                "status": "Completed",
                "timeRemaining": null,
                "lastUpdated": null
            }
        ]
    },
    {
        "name": "L-3-5",
        "dependencies": [
            {
                "name": "L-2-9",
                "status": "In Progress",
                "timeRemaining": null,
                "lastUpdated": null
            },
            {
                "name": "L-2-10",
                "status": "Not Started",
                "timeRemaining": null,
                "lastUpdated": null
            }
        ]
    },
    {
        "name": "L-3-6",
        "dependencies": [
            {
                "name": "L-2-11",
                "status": "In Progress",
                "timeRemaining": null,
                "lastUpdated": null
            },
            {
                "name": "L-2-12",
                "status": "In Progress",
                "timeRemaining": null,
                "lastUpdated": null
            }
        ]
    }
]
